التاريخ,الوصف,المشروع,النوع,نوع المصروف,المبلغ
"٢٨‏/٧‏/٢٠٢٥","غداء المكتب ","بدون مشروع","مصروف","مصاريف عامه للمكتب العامري",15000
"٢٧‏/٧‏/٢٠٢٥","الى ابو رقية كاز للمولدات ","بدون مشروع","مصروف","مصاريف عامه للمكتب العامري",800000
"٢٧‏/٧‏/٢٠٢٥","الى حمزة الحداد ","بدون مشروع","مصروف","مصاريف عامه للمكتب العامري",650000
"٢٧‏/٧‏/٢٠٢٥","مسواك بيت الحجي ","بدون مشروع","مصروف","مصاريف عامه للمكتب العامري",250000
"٢٧‏/٧‏/٢٠٢٥","مصاريف خاصه بحردان","بدون مشروع","مصروف","مصاريف خاصه بحردان",50000
"٢٧‏/٧‏/٢٠٢٥","مصاريف خاصه ب عزيز","بدون مشروع","مصروف","مصاريف خاصه ب عزيز",50000
"٢٧‏/٧‏/٢٠٢٥","علاج الى حردان ","بدون مشروع","مصروف","مصاريف خاصه بحردان",25000
"٢٧‏/٧‏/٢٠٢٥","رصيد الى عزيز ","بدون مشروع","مصروف","مصاريف خاصه ب عزيز",55000
"٢٥‏/٧‏/٢٠٢٥","بانزين الى عبود ","بدون مشروع","مصروف","مصاريف عامه للمكتب العامري",40000
"٢٥‏/٧‏/٢٠٢٥","الى مهند ابو الكرين ","بدون مشروع","مصروف","مصاريف عامه للمكتب العامري",75000
"٢٥‏/٧‏/٢٠٢٥","الى ابو زهراء بلدوزر ","بدون مشروع","مصروف","مصاريف عامه للمكتب العامري",50000
"٢٥‏/٧‏/٢٠٢٥","كاز بيد عبدالله ياسر الى مولد المكتب +الشفل + بلدوزر ","بدون مشروع","مصروف","",300000
"٢٥‏/٧‏/٢٠٢٥","الى ابو هاشم بيد امير تصليح سوبر ","بدون مشروع","مصروف","",150000
"٢٥‏/٧‏/٢٠٢٥","وارد الى عبود ","بدون مشروع","إيراد","",450000
"٢٤‏/٧‏/٢٠٢٥","كروه الى حردان ","بدون مشروع","مصروف","مصاريف خاصه بحردان",5000
"٢٤‏/٧‏/٢٠٢٥","كهوه الى عزيز ","بدون مشروع","مصروف","مصاريف عامه للمكتب العامري",20000
"٢٣‏/٧‏/٢٠٢٥","وارد الى عبود ","بدون مشروع","إيراد","",325000
"٢٣‏/٧‏/٢٠٢٥","تصليح سبالت المكتب +سبالت حقل حردان ","بدون مشروع","مصروف","مصاريف عامه للمكتب العامري",150000
"٢٣‏/٧‏/٢٠٢٥","غداء للمكتب ليومين بيد كرار ايلي ","بدون مشروع","مصروف","مصاريف عامه للمكتب العامري",175000
"٢٢‏/٧‏/٢٠٢٥","وارد الى عبود ","بدون مشروع","إيراد","",325000
"٢٢‏/٧‏/٢٠٢٥","سلفة الى امير ","بدون مشروع","مصروف","مصاريف عامه للمكتب العامري",10000
"٢٢‏/٧‏/٢٠٢٥","الى سيد سجاد صادق بانزين حقل حردان ","بدون مشروع","مصروف","مصاريف عامه للمكتب العامري",15000
"٢٢‏/٧‏/٢٠٢٥","الى محمد سبرنكة سفرة بغداد اقامة عزيز ","بدون مشروع","مصروف","مصاريف عامه للمكتب العامري",150000
"٢٢‏/٧‏/٢٠٢٥","مصاريف الى حاتم ","بدون مشروع","مصروف","مصاريف خاصه بحاتم",75000
"٢٢‏/٧‏/٢٠٢٥","مصاريف الى عزيز ","بدون مشروع","مصروف","مصاريف خاصه ب عزيز",100000
"٢١‏/٧‏/٢٠٢٥","وارد الى عبود ","بدون مشروع","إيراد","",50000
"٢١‏/٧‏/٢٠٢٥","وارد الى عبود ","بدون مشروع","إيراد","",200000
"٢١‏/٧‏/٢٠٢٥","غداء مكتب ","بدون مشروع","مصروف","مصاريف عامه للمكتب العامري",15000
"٢١‏/٧‏/٢٠٢٥","عمولة حوالة فادي ","بدون مشروع","مصروف","مصاريف عامه للمكتب العامري",18000
"٢١‏/٧‏/٢٠٢٥","علاج الى عزيز ","بدون مشروع","مصروف","مصاريف عامه للمكتب العامري",10000
"٢١‏/٧‏/٢٠٢٥","مسواك مواد للمكتب ","بدون مشروع","مصروف","مصاريف عامه للمكتب العامري",56000
"٢٠‏/٧‏/٢٠٢٥","بانزين الى البيكم ","بدون مشروع","مصروف","مصاريف عامه للمكتب العامري",50000
"٢٠‏/٧‏/٢٠٢٥","بانزين الى حاتم ","بدون مشروع","مصروف","مصاريف عامه للمكتب العامري",25000
"٢٠‏/٧‏/٢٠٢٥","684000 طلب قديم حوالات عزيز   و 285000 الى بطاقة حسون ","بدون مشروع","مصروف","مصاريف عامه للمكتب العامري",869000
"٢٠‏/٧‏/٢٠٢٥","حوالة الى ابو الملابس المدرسة ","بدون مشروع","مصروف","مصاريف عامه للمكتب العامري",2513000
"٢٠‏/٧‏/٢٠٢٥","الى محمد سبرنكة بانزين ","بدون مشروع","مصروف","مصاريف عامه للمكتب العامري",15000
"٢٠‏/٧‏/٢٠٢٥","وارد عبود","بدون مشروع","إيراد","",3382000
"٢٠‏/٧‏/٢٠٢٥","الى عبود تبديل دهن سيارة ","بدون مشروع","مصروف","مصاريف عامه للمكتب العامري",60000
"٢٠‏/٧‏/٢٠٢٥","بانزين الى سيارة عبود ","بدون مشروع","مصروف","مصاريف عامه للمكتب العامري",30000
"١٩‏/٧‏/٢٠٢٥","سلفة الى عمار ياسر ","بدون مشروع","مصروف","مصاريف عامه للمكتب العامري",200000
"١٩‏/٧‏/٢٠٢٥","ماء للمكتب بيد عبود ","بدون مشروع","مصروف","مصاريف عامه للمكتب العامري",50000
"١٨‏/٧‏/٢٠٢٥","وارد الى عبود ","بدون مشروع","إيراد","",500000
"١٨‏/٧‏/٢٠٢٥","برميل كاز بيد عمار ياسر ","بدون مشروع","مصروف","مصاريف عامه للمكتب العامري",130000
"١٨‏/٧‏/٢٠٢٥","مواد الى المكتب ","بدون مشروع","مصروف","مصاريف عامه للمكتب العامري",15000
"١٨‏/٧‏/٢٠٢٥","علاج الى حردان ","بدون مشروع","مصروف","مصاريف خاصه بحردان",15000
"١٧‏/٧‏/٢٠٢٥","بانزين لسياره سيف +التاهو حاتم ","بدون مشروع","مصروف","مصاريف خاصه بحاتم",85000
"١٧‏/٧‏/٢٠٢٥","ثواب بيت الحجي ","بدون مشروع","مصروف","مصاريف عامه للمكتب العامري",50000
"١٦‏/٧‏/٢٠٢٥","سلفة الى عمار ياسر ","بدون مشروع","مصروف","مصاريف عامه للمكتب العامري",25000
"١٥‏/٧‏/٢٠٢٥","بانزين سيارة السني","بدون مشروع","مصروف","مصاريف عامه للمكتب العامري",30000
"١٥‏/٧‏/٢٠٢٥","كروة ستوتة بلازمة بيت الحجي ع الشط ","بدون مشروع","مصروف","مصاريف عامه للمكتب العامري",10000
"١٥‏/٧‏/٢٠٢٥","وارد الئ عبود","بدون مشروع","إيراد","",285000
"١٥‏/٧‏/٢٠٢٥","محمد سبرنكة غداء بيت الحجي +بانزين الى محمد سبرنكة 
","بدون مشروع","مصروف","مصاريف عامه للمكتب العامري",25000
"١٥‏/٧‏/٢٠٢٥","الى حاتم دكتور ","بدون مشروع","مصروف","مصاريف خاصه بحاتم",70000
"١٥‏/٧‏/٢٠٢٥","مصاريف الى عزيز ","بدون مشروع","مصروف","مصاريف خاصه ب عزيز",50000
"١٥‏/٧‏/٢٠٢٥","سلفه الى عمار ياسر ","بدون مشروع","مصروف","مصاريف عامه للمكتب العامري",75000
"١٥‏/٧‏/٢٠٢٥","بانزين الى عزيز ","بدون مشروع","مصروف","مصاريف خاصه ب عزيز",65000
"١٥‏/٧‏/٢٠٢٥","وارد الئ عبود","بدون مشروع","إيراد","",700000
"١٥‏/٧‏/٢٠٢٥","مصرف الى حردان ","بدون مشروع","مصروف","مصاريف خاصه بحردان",50000
"١٥‏/٧‏/٢٠٢٥","حقل حردان الى حمزة الحداد ","بدون مشروع","مصروف","مصاريف خاصه بحردان",650000
"١٥‏/٧‏/٢٠٢٥","مواد الى حمزه الحداد مع اجرة تكسي بيد امير ","بدون مشروع","مصروف","مصاريف خاصه بحردان",25000
"١٥‏/٧‏/٢٠٢٥","الى ابو زهراء بلدوزر ","بدون مشروع","مصروف","اجور تشغيلية",250000
"١٣‏/٧‏/٢٠٢٥","دفع قسط من: ىؤلؤى (لالالال)","بدون مشروع","مصروف","دفعات آجلة",200000
"١٣‏/٧‏/٢٠٢٥","وارد الئ عبود","بدون مشروع","إيراد","",500000
"١٢‏/٧‏/٢٠٢٥","عمال خلفه بيت حردان بيد ابو كرار ","بدون مشروع","مصروف","مصاريف خاصه بحردان",350000
"١٢‏/٧‏/٢٠٢٥","الى ابو زهراء بلدوزر ","بدون مشروع","مصروف","اجور تشغيلية",50000
"١٢‏/٧‏/٢٠٢٥","برميل كاز الى مولد المكتب بيد حسن ياسر ","بدون مشروع","مصروف","اجور تشغيلية",130000
"١٢‏/٧‏/٢٠٢٥","تصليح بلازمة مكتب وائل بيد ابو امير محمد سبرنكة ","بدون مشروع","مصروف","اجور تشغيلية",20000
"١١‏/٧‏/٢٠٢٥","رصيد الى حردان ","بدون مشروع","مصروف","مصاريف خاصه بحردان",55000
"١١‏/٧‏/٢٠٢٥","بانزين الئ سياره البيكم ","بدون مشروع","مصروف","",60000
"١١‏/٧‏/٢٠٢٥","الئ حمزه ابو الكرده ","بدون مشروع","مصروف","",500000
"١١‏/٧‏/٢٠٢٥","الئ عبود ","بدون مشروع","إيراد","",4337500
"١١‏/٧‏/٢٠٢٥","دفع قسط من: تراب بيت الحجي  (حمزه ابو الكرده)","بدون مشروع","مصروف","دفعات آجلة",219998
"١١‏/٧‏/٢٠٢٥","اقصاط الى حجي علاء سيارات ","بدون مشروع","مصروف","اجور تشغيلية",3537500
"١١‏/٧‏/٢٠٢٥","سلفه الى حردان ","بدون مشروع","مصروف","مصاريف خاصه بحردان",300000
"١١‏/٧‏/٢٠٢٥","مسواك مكتب بيد ابو امير ","بدون مشروع","مصروف","مشتريات",50000
"١٠‏/٧‏/٢٠٢٥","بانزين سيارة عزيز ","بدون مشروع","مصروف","حوالات عزيز",50000
"١٠‏/٧‏/٢٠٢٥","وارد عبود","بدون مشروع","إيراد","",2500000
"١٠‏/٧‏/٢٠٢٥","وارد","بدون مشروع","إيراد","",50000000
"١٠‏/٧‏/٢٠٢٥","مشتريات\ كرفانات +اجور نقل ","بدون مشروع","مصروف","مشتريات",20000000
"١٠‏/٧‏/٢٠٢٥","سلفة تشغيلية\اجور لاجازه +المعامله","بدون مشروع","مصروف","سلفة تشغيلية",10000000
"١٠‏/٧‏/٢٠٢٥","رواتب الحراس عدد 2لمده 9 اشهر","بدون مشروع","مصروف","راتب",7200000
"١٠‏/٧‏/٢٠٢٥","حوالات عزيز الى نذير مع العمولة ","بدون مشروع","مصروف","حوالات عزيز",2720000
"١٠‏/٧‏/٢٠٢٥","وارد الئ عبود","بدون مشروع","إيراد","",1000000
"١٠‏/٧‏/٢٠٢٥","ثواب بيت الحجي ","بدون مشروع","مصروف","مصروف عام",50000
"٧‏/٧‏/٢٠٢٥","دفع قسط من: زيد (شركه اسد بابل)","بدون مشروع","مصروف","شركه اسد بابل",100000000
"٢٥‏/٦‏/٢٠٢٥","اييراد ","بدون مشروع","إيراد","",1000000000
"٢٥‏/٦‏/٢٠٢٥","مصروف تمويل المشروع: فندق المصايف","بدون مشروع","مصروف","مصروف عام",50000000
"٢٥‏/٦‏/٢٠٢٥","ايراد فندق","بدون مشروع","إيراد","",50000000
"١٥‏/٦‏/٢٠٢٥","مجموع رواتب الموظفين لشهر اذار","بدون مشروع","مصروف","راتب",17100000
"١٥‏/٦‏/٢٠٢٥","مجموع رواتب الموظفين لشهر  شباط","بدون مشروع","مصروف","راتب",15300000
"١٥‏/٦‏/٢٠٢٥","مجموع رواتب الموظفين لشهر كانون الثاني","بدون مشروع","مصروف","راتب",15300000
"١٥‏/٦‏/٢٠٢٥","مجموع رواتب الموظفين لشهر كانون الاول","بدون مشروع","مصروف","راتب",15300000
"١٥‏/٦‏/٢٠٢٥","مجموع رواتب الموظفين لشهر تشرين الثاني","بدون مشروع","مصروف","راتب",15300000
"١٥‏/٦‏/٢٠٢٥","مجموع رواتب الموظفين لشهر تشرين الاول","بدون مشروع","مصروف","راتب",15300000
"١٥‏/٦‏/٢٠٢٥","شراء اثاث كراسي تخم عدد 2","بدون مشروع","مصروف","مشتريات",389000
"١٥‏/٦‏/٢٠٢٥","شراء طبلات عدد 2 الى كرفان التسويق","بدون مشروع","مصروف","مشتريات",66000
"١٥‏/٦‏/٢٠٢٥","شراء صبغ رادليت","بدون مشروع","مصروف","مشتريات",108000
"١٥‏/٦‏/٢٠٢٥","عشاء عمال عدد 6","بدون مشروع","مصروف","مصروف عام",15000
"١٥‏/٦‏/٢٠٢٥","اجور عمال عدد 6 تصعيد ثرمستون للطابق القبل الاخير لبناية المول","بدون مشروع","مصروف","مصروف عام",150000
"١٤‏/٦‏/٢٠٢٥","تجهيز 48 سكيبة بلوك ثرمستون (20*20*60)","بدون مشروع","مصروف","",5530000
"١٤‏/٦‏/٢٠٢٥","اجور تصليح الكرين تور","بدون مشروع","مصروف","",200000
"١٤‏/٦‏/٢٠٢٥","اجور تصليح ستاند الونجات","بدون مشروع","مصروف","",15000
"١٤‏/٦‏/٢٠٢٥","غداء + عشاء لعمال عدد 7","بدون مشروع","مصروف","",30000
"١٤‏/٦‏/٢٠٢٥","اجور عمال ونج عدد 4 (2 سواق + 2 عمال) تصعيد مواد (5 كيس اسمنت + 10 عربانة رمل لكل طابق) للطوابق الاخيرة في بناية المول","بدون مشروع","مصروف","اجور تشغيلية",110000
"١٤‏/٦‏/٢٠٢٥","عشاء سواق (التريلة + الشوكية)","بدون مشروع","مصروف","",15000
"١٤‏/٦‏/٢٠٢٥","اجور عمال عدد 5 (عامل تنظيف واحد + 4 تصعيد ثرمستون","بدون مشروع","مصروف","",125000
"١٤‏/٦‏/٢٠٢٥","شراء مستلزمات مطبخ + ماء + اجرة نقل","بدون مشروع","مصروف","مشتريات",171000
"١٤‏/٦‏/٢٠٢٥","سلفة الى مقاول اعمال بناء الثرمستون","بدون مشروع","مصروف","سلفة",25000000
"١٤‏/٦‏/٢٠٢٥","اجور عمال عدد 4 تصعيد ثرمستون للطابق الارضي والاول والثاني لبناية المول","بدون مشروع","مصروف","",100000
"١٤‏/٦‏/٢٠٢٥","اجور عمل شوكية تنزيل سيارة + 50;000 دينار عراقي اجور كرين لنقل الشوكيةة","بدون مشروع","مصروف","",125000
"١٤‏/٦‏/٢٠٢٥","رصيد مدير المشروع محمد حبيب","بدون مشروع","مصروف","",27500
"١٤‏/٦‏/٢٠٢٥","غداء مدير المشروع محمد حبيب","بدون مشروع","مصروف","",6500
"٤‏/٦‏/٢٠٢٥","اجور عمل + مواد كهرباء للطوابق الاخيرة من بناية المول","بدون مشروع","مصروف","",703000
"٤‏/٦‏/٢٠٢٥","اجور عمال ونج عدد 2 (سائق + عامل) تصعيد مواد (نصف كيا رمل) للطابق الثاني بناية المول","بدون مشروع","مصروف","",55000
"٤‏/٦‏/٢٠٢٥","اجور عمال عدد 2 لتنزيل السكيبات الفارغة","بدون مشروع","مصروف","",50000
"٤‏/٦‏/٢٠٢٥","اجور عمال عدد 2 لنقل الثرمستون من بناية الفندق الى بناية المول الطابق الثاني","بدون مشروع","مصروف","",50000
"٤‏/٦‏/٢٠٢٥","شراء صبغ رادليت (اساس رصاصي) 8 قطع","بدون مشروع","مصروف","",108000
"٤‏/٦‏/٢٠٢٥","شراء رولات (عدد 5 - 7;000 دينار عراقي) + بنزين (20 لتر _ 10;000 دينار عراقي)","بدون مشروع","مصروف","",17000
"٤‏/٦‏/٢٠٢٥","اجور عمل كهرباء وماء ومجاري كرفان التسويق","بدون مشروع","مصروف","",75000
"٤‏/٦‏/٢٠٢٥","شراء ستائر سحب عدد 2 لكرفان التسويق","بدون مشروع","مصروف","",30000
"٤‏/٦‏/٢٠٢٥","شراء مواد انشائية وكهربائية لكرفان التسويق","بدون مشروع","مصروف","",155750
"٣‏/٦‏/٢٠٢٥","اجور تنظيف سبالت المكاتب داخل الموقع (عدد 5)","بدون مشروع","مصروف","",25000
"٣‏/٦‏/٢٠٢٥","عمال عدد 2 لتعديل ارضية الموقع أمام كرفان التسويق","بدون مشروع","مصروف","",50000
"٣‏/٦‏/٢٠٢٥","اجور عمل شوكية تنزيل سيارتين (تريلة) ثرمستون","بدون مشروع","مصروف","",150000
"٣‏/٦‏/٢٠٢٥","اجور عمال عدد 6 تصعيد ثرمستون للطابق الثاني بناية المول","بدون مشروع","مصروف","",150000
"٣‏/٦‏/٢٠٢٥","تجهيز 96 سكيبة بلوك ثرمستون )20*20*60(","بدون مشروع","مصروف","",11060000
"٣‏/٦‏/٢٠٢٥","شراء اثاث لكرفان التسويق","بدون مشروع","مصروف","",1320000
"٣١‏/٥‏/٢٠٢٥","شراء سبالت عدد 2 + اجور النقل","بدون مشروع","مصروف","",1155000
"٣١‏/٥‏/٢٠٢٥","خاص","بدون مشروع","مصروف","",1700000
"٢٩‏/٥‏/٢٠٢٥","اجور عمال عدد 6 تصعيد ثرمستون للطابق الاول + تصعيد حديد للطابقين الأول والثاني ","بدون مشروع","مصروف","",150000
"٢٩‏/٥‏/٢٠٢٥","اجور عمل شوكية تنزيل سيارة واحدة","بدون مشروع","مصروف","",75000
"٢٩‏/٥‏/٢٠٢٥","غداء سائق التريله","بدون مشروع","مصروف","",10000
"٢٩‏/٥‏/٢٠٢٥","تجهيز 48 سكيبة بلوك ثرمستون (20*20*60)","بدون مشروع","مصروف","",5530000
"٢٨‏/٥‏/٢٠٢٥","اكرامية سائق التريله (ثرمستون) ","بدون مشروع","مصروف","",75000
"٢٨‏/٥‏/٢٠٢٥","اجور عمال عدد 6 تصعيد ثرمستون للطابق الارضي بناية المول","بدون مشروع","مصروف","",150000
"٢٨‏/٥‏/٢٠٢٥","اجور عمل شوكية تنزيل سيارة واحدة","بدون مشروع","مصروف","",75000
"٢٨‏/٥‏/٢٠٢٥","شراء كرفان (3*9) + اجور عمل الكرين (300;000) + اجور النقل","بدون مشروع","مصروف","",5225000
"٢٨‏/٥‏/٢٠٢٥","شراء جك مخزني (2.5 طن) + اجور النقل","بدون مشروع","مصروف","",340000
"٢٨‏/٥‏/٢٠٢٥","تجهيز 48 سكيبة بلوك ثرمستون (20*20*60)","بدون مشروع","مصروف","",5530000
"٢٨‏/٥‏/٢٠٢٥","شراء مواد غذائية + مستلزمات مكتبية + اجور النقل","بدون مشروع","مصروف","",139500
"٢٧‏/٥‏/٢٠٢٥","تجهيز 96 سكيبة بلوك ثرمستون (20*20*60)","بدون مشروع","مصروف","",11060000
"٢٧‏/٥‏/٢٠٢٥","اجور عمل شوكية لتنزيل سيارة واحدة","بدون مشروع","مصروف","",75000
"٢٧‏/٥‏/٢٠٢٥","اجور عمال عدد 4 تصعيد ثرمستون للطابق الاول لبناية المول","بدون مشروع","مصروف","",100000
"٢٧‏/٥‏/٢٠٢٥","شراء حديد زاوية + راسطة + اجور النقل","بدون مشروع","مصروف","",5257000
"٢٧‏/٥‏/٢٠٢٥","3 سيارات تراب + اجور شفل (لكل سيارة 30;000 دينار عراقي و 50;000 اجور الشفل)","بدون مشروع","مصروف","",140000
"٢٧‏/٥‏/٢٠٢٥","اجور عمال عدد 4 تصعيد ثرمستون للطابق الارضي لبناية الفندق","بدون مشروع","مصروف","",100000
"٢٧‏/٥‏/٢٠٢٥","اجور عمل شفل رفع انقاض من واجهة (مقدمة) الموقع","بدون مشروع","مصروف","",60000
"٢٧‏/٥‏/٢٠٢٥","شراء مواد تنظيف للمطبخ","بدون مشروع","مصروف","",5000
"٢٧‏/٥‏/٢٠٢٥","اجور عمل شوكية تنزيل سيارتين ","بدون مشروع","مصروف","",150000
"٢٧‏/٥‏/٢٠٢٥","اجور عمال عدد 4 لتصعيد ثرمستون للطابق الخامس والسابع والثامن","بدون مشروع","مصروف","",100000
"٢٧‏/٥‏/٢٠٢٥","وجبة عشاء لسواق التريلات عدد 2","بدون مشروع","مصروف","",19000
"٢٧‏/٥‏/٢٠٢٥","اجور عمال عدد 2 تنزيل سكيبات فارغة","بدون مشروع","مصروف","",50000
"٢٧‏/٥‏/٢٠٢٥","اجور رفع نفايات الموقع","بدون مشروع","مصروف","",10000
"٢٧‏/٥‏/٢٠٢٥","تجديد اشتراك الانترنت","بدون مشروع","مصروف","",45000
"٢٧‏/٥‏/٢٠٢٥","شراء مستلزمات مكتبية","بدون مشروع","مصروف","",115500
"٢٧‏/٥‏/٢٠٢٥","شراء منظفات للسبالت","بدون مشروع","مصروف","",8500
"٢٧‏/٥‏/٢٠٢٥","اجور عمال عدد 4 تصعيد ثرمستون للطابق السابع والثامن","بدون مشروع","مصروف","",100000
"٢٧‏/٥‏/٢٠٢٥","شراء بنزين 46 لتر","بدون مشروع","مصروف","",23000
"٢٧‏/٥‏/٢٠٢٥","شراء صبغ + رولات","بدون مشروع","مصروف","",96500
"٢٧‏/٥‏/٢٠٢٥","اجور عمال عدد 4 تصعيد ثرمستون للطابق الرابع والخامس والسادس لبناية الفندق","بدون مشروع","مصروف","",100000
"٢٧‏/٥‏/٢٠٢٥","تصليح انابيب الماء داخل موقع العمل","بدون مشروع","مصروف","",25000
"٢٧‏/٥‏/٢٠٢٥","اجور عمال ونج عدد 3 ( 2سواق + عامل) تصعيد مواد لطابقين (من الطابق الارضي للطابق السادس ومن الطابق السادس للطابق الثامن) (40;000 دينار عراقي لكل سائق و30;000 دينار ععراقي للعامل)","بدون مشروع","مصروف","",110000
"٢٧‏/٥‏/٢٠٢٥","اجور عمال عدد 4 تصعيد ثرمستون للطابق الخامس والسادس بناية المول","بدون مشروع","مصروف","",100000
"٢٧‏/٥‏/٢٠٢٥","اجور عمل شوكية لنقل الثرمستون","بدون مشروع","مصروف","",75000
"٢٧‏/٥‏/٢٠٢٥","شراء مواد انشائية","بدون مشروع","مصروف","",339000
"٢٧‏/٥‏/٢٠٢٥","شراء جك مخزني 2.5 طن","بدون مشروع","مصروف","",330000
"٢٧‏/٥‏/٢٠٢٥","شراء عربانة حدادي اصلي + اجرة النقل","بدون مشروع","مصروف","",58000
"٢٧‏/٥‏/٢٠٢٥","اجور عمال ونج عدد 2 (سائق + عامل) تصعيد مواد (10 كيس اسمنت + سيارة رمل) للطابق السابع بناية الفندق","بدون مشروع","مصروف","",55000
"٢٧‏/٥‏/٢٠٢٥","اجور عمال عدد 4 تصعيد ثرمستون للطابق الخامس بناية الفندق","بدون مشروع","مصروف","",100000
"٢٧‏/٥‏/٢٠٢٥","وجبة غداء لسواق التريلات","بدون مشروع","مصروف","",10000
"٢٧‏/٥‏/٢٠٢٥","اجور عمل شوكية تنزيل سيارتين","بدون مشروع","مصروف","",150000
"٢٧‏/٥‏/٢٠٢٥","رفع نفايات الموقع","بدون مشروع","مصروف","",10000
"٢٧‏/٥‏/٢٠٢٥","شراء غاز","بدون مشروع","مصروف","",7000
"٢٧‏/٥‏/٢٠٢٥","شراء جوزة دهن بيركنز","بدون مشروع","مصروف","",20000
"٢٧‏/٥‏/٢٠٢٥","شراء ماء + زاهي + اجور النقل","بدون مشروع","مصروف","",41750
"٢٧‏/٥‏/٢٠٢٥","شراء حديد راسطة 32 ملم + اجور النقل","بدون مشروع","مصروف","",810000
"٢٧‏/٥‏/٢٠٢٥","شراء ماء + بطل زيت","بدون مشروع","مصروف","",2250
"٢٧‏/٥‏/٢٠٢٥","اجور عمال عدد 6ةتصعيد ثرمستون للطابق الخامس","بدون مشروع","مصروف","",150000
"٢٧‏/٥‏/٢٠٢٥","اجور عمال عدد 6 تصعيد ثرمستون للطابق الخامس","بدون مشروع","مصروف","",150000
"٢٧‏/٥‏/٢٠٢٥","اجور عمال ونج (2سائق + عامل) تصعيد مواد للطابق السادس (كيا رمل + طن اسمنت)","بدون مشروع","مصروف","",85000
"٢٧‏/٥‏/٢٠٢٥","اجور عمل شوكية لنقل الثرمستون من بناية المول","بدون مشروع","مصروف","",75000
"٢٧‏/٥‏/٢٠٢٥","شراء رصيد فئة (25000) لمدير المشروع (محمد حبيب)","بدون مشروع","مصروف","",27500
"٢٧‏/٥‏/٢٠٢٥","تجهيز 96 سكيبة بلوك ثرمستون (20*20*60)","بدون مشروع","مصروف","",11060000
"٢٧‏/٥‏/٢٠٢٥","شراء لاصق لصيانة خزانات الماء","بدون مشروع","مصروف","",2000
"٢٧‏/٥‏/٢٠٢٥","شراء صبغ رادليت 20غالون + اجرة النقل","بدون مشروع","مصروف","",225000
"٢٧‏/٥‏/٢٠٢٥","شراء بنزين 80 لتر + اجور النقل","بدون مشروع","مصروف","",50000
"٢٧‏/٥‏/٢٠٢٥","اجور عمال ونج عدد 3 (2 سائق + عامل واحد)","بدون مشروع","مصروف","",85000
"٢٧‏/٥‏/٢٠٢٥","اجور عمال ونج عدد 3 (2 سائق + عامل واحد)","بدون مشروع","مصروف","",85000
"٢٧‏/٥‏/٢٠٢٥","اجور عمال عدد 6 تصعيد ثرمستون للطابق الخامس بناية الفندق","بدون مشروع","مصروف","",150000
"٢٧‏/٥‏/٢٠٢٥","اجور عمال عدد 2 تنزيل سكيبات فارغة","بدون مشروع","مصروف","",50000
"٢٧‏/٥‏/٢٠٢٥","اجور عمال عدد 6 تصعيد ثرمستون للطابق الخامس لبناية الفندق","بدون مشروع","مصروف","",150000
"٢٧‏/٥‏/٢٠٢٥","اجور عامل تنزيل سكيبات فارغة","بدون مشروع","مصروف","",25000
"٢٧‏/٥‏/٢٠٢٥","شراء 5 طن اسمنت عادي + تك رمل اسود","بدون مشروع","مصروف","",725000
"٢٧‏/٥‏/٢٠٢٥","شراء حديد متضمن اجرة العمال + اجور النقل","بدون مشروع","مصروف","",1890000
"٢٧‏/٥‏/٢٠٢٥","عدد كهربائية (بوردات كهربائية للطابق الرابع والخامس)","بدون مشروع","مصروف","",703000
"٢٧‏/٥‏/٢٠٢٥","المبلغ الواصل لمقاول اعمال بناء الثرمستون (التقطيع) (سلف تستقطع بعد الذرعة)","بدون مشروع","مصروف","",158800000
"٢٧‏/٥‏/٢٠٢٥","اجور عمال عدد 6 تصعيد ثرمستون للطابق الخامس بناية الفندق","بدون مشروع","مصروف","",150000
"٢٧‏/٥‏/٢٠٢٥","اجور عمال عدد 5 تصعيد ثرمستون","بدون مشروع","مصروف","",125000
"٢٧‏/٥‏/٢٠٢٥","اكرامية سواق التريلات (الثرمستون)","بدون مشروع","مصروف","",125000
"٢٧‏/٥‏/٢٠٢٥","اكرامية سواق التريلات (الثرمستون)","بدون مشروع","مصروف","",125000
"٢٧‏/٥‏/٢٠٢٥","اجور اعادة الكشف المشترك لمساحين التسجيل العقاري والمصرف والبلدية","بدون مشروع","مصروف","",750000
"٢٧‏/٥‏/٢٠٢٥","اجور عمال عدد 5 تصعيد ثرمستون","بدون مشروع","مصروف","",125000
"٢٧‏/٥‏/٢٠٢٥","اجور عمل شوكية تنزيل سيارة واحدة","بدون مشروع","مصروف","",75000
"٢٧‏/٥‏/٢٠٢٥","تجهيز 46 سكيبة بلوك ثرمستون (15*20*60)","بدون مشروع","مصروف","",5564000
"٢٧‏/٥‏/٢٠٢٥","اجور عمال عدد 5 تصعيد ثرمستون للطابق الرابع","بدون مشروع","مصروف","",125000
"٢٧‏/٥‏/٢٠٢٥","شراء حديد راسطة 80 قطعة","بدون مشروع","مصروف","",640000
"٢٧‏/٥‏/٢٠٢٥","اجور عمال عدد 2 تصعيد ثرمستون للطابق الثالث","بدون مشروع","مصروف","",50000
"٢٧‏/٥‏/٢٠٢٥","تسديد اجور الكهرباء","بدون مشروع","مصروف","",3500000
"٢٧‏/٥‏/٢٠٢٥","وجبة غداء لسائق التريله","بدون مشروع","مصروف","",4500
"٢٧‏/٥‏/٢٠٢٥","اجور عمل شوكية تنزيل سيارة واحدة","بدون مشروع","مصروف","",75000
"٢٧‏/٥‏/٢٠٢٥","تجهيز 46 سكيبة بلوك ثرمستون (15*20*60)","بدون مشروع","مصروف","",5564000
"٢٦‏/٥‏/٢٠٢٥","شراء كلينكس + 25 سيت ماء","بدون مشروع","مصروف","",70750
"٢٦‏/٥‏/٢٠٢٥","مصاريف لمدير المشروع (غداء شركة بلكانة)","بدون مشروع","مصروف","",100000
"٢٦‏/٥‏/٢٠٢٥","تصليح عجلة عربة العمل","بدون مشروع","مصروف","",7500
"٢٦‏/٥‏/٢٠٢٥","اجور عمال ونج عدد 3 (2 سائق + عامل) تصعيد مواد (كيا رمل) للطابق الرابع","بدون مشروع","مصروف","",85000
"٢٦‏/٥‏/٢٠٢٥","تجديد اشتراك الانترنت","بدون مشروع","مصروف","",45000
"٢٦‏/٥‏/٢٠٢٥","شراء 4 عجلات لصيانة الجكات + 2 بيم","بدون مشروع","مصروف","",50000
"٢٦‏/٥‏/٢٠٢٥","اجور عمل شوكية تنزيل سيارة واحدة","بدون مشروع","مصروف","",75000
"٢٦‏/٥‏/٢٠٢٥","تجهيز 46 سكيبة بلوك ثرمستون (15*20*60)","بدون مشروع","مصروف","",5564000
"٢٦‏/٥‏/٢٠٢٥","شراء مواد تنظيف (مزيل دهون)","بدون مشروع","مصروف","",3000
"٢٦‏/٥‏/٢٠٢٥","اجور عمال عدد 4 تصعيد مواد للطابق الرابع","بدون مشروع","مصروف","",100000
"٢٦‏/٥‏/٢٠٢٥","اجور عمال عدد 4 تصعيد ثرمستون للطابق الرابع","بدون مشروع","مصروف","",100000
"٢٦‏/٥‏/٢٠٢٥","شراء طن اسمنت","بدون مشروع","مصروف","",125000
"٢٦‏/٥‏/٢٠٢٥","اجور عامل واحد لتنظيف الطابق الرابع","بدون مشروع","مصروف","",25000
"٢٦‏/٥‏/٢٠٢٥","اجور تصعيد مواد ونج (كيا رمل + طن اسمنت)  عدد 2 (سائق + عامل)","بدون مشروع","مصروف","",55000
"٢٦‏/٥‏/٢٠٢٥","اجور 4 عمال تصعيد ثرمستون للطابق الرابع","بدون مشروع","مصروف","",100000
"٢٦‏/٥‏/٢٠٢٥","اجور تصليح بوردات كهرباء الكرين تور لمدة 3 ايام","بدون مشروع","مصروف","",125000
"٢٦‏/٥‏/٢٠٢٥","اجور 3 عمال تصعيد مواد للطابق الخامس","بدون مشروع","مصروف","",75000
"٢٦‏/٥‏/٢٠٢٥","اجور عمل شوكية (نقل ثرمستون داخل الموقع)","بدون مشروع","مصروف","",150000
"٢٦‏/٥‏/٢٠٢٥","اجور رفع النفايات من الموقع","بدون مشروع","مصروف","",10000
"٢٦‏/٥‏/٢٠٢٥","شراء دهن + صيانة المولد (تبديل فلاتر)","بدون مشروع","مصروف","",175000
"٢٦‏/٥‏/٢٠٢٥","اجور 3 عمال تصعيد ثرمستون للطابق الثالث (30 سكيبة) + عامل تنظيف ","بدون مشروع","مصروف","",100000
"٢٦‏/٥‏/٢٠٢٥","اجور 4 عمال تصعيد ثرمستون للطابق الرابع (35 سكيبة)","بدون مشروع","مصروف","",100000
"٢٦‏/٥‏/٢٠٢٥","اجور عمل شوكية تنزيل سيارتين نوع تريله ثرمستون","بدون مشروع","مصروف","",150000
"٢٦‏/٥‏/٢٠٢٥","تجهيز 40 سكيبة بلوك ثرمستون (15*20*60)","بدون مشروع","مصروف","",5530000
"٢٦‏/٥‏/٢٠٢٥","وجبة غداء ل4 عمال","بدون مشروع","مصروف","",10000
"٢٦‏/٥‏/٢٠٢٥","وجبة غداء لسواق التريلات عدد 2","بدون مشروع","مصروف","",10000
"٢٦‏/٥‏/٢٠٢٥","اجور 3 عمال لتصعيد الثرمستون + نقل 13 سكيبة مادة لاصقة","بدون مشروع","مصروف","",75000
"٢٦‏/٥‏/٢٠٢٥","شراء بوستر للماطور","بدون مشروع","مصروف","",50000
"٢٦‏/٥‏/٢٠٢٥","اجور 3 عمال لتصعيد 25 سكيبة ثرمستون + تصعيد مواد","بدون مشروع","مصروف","",90000
"٢٦‏/٥‏/٢٠٢٥","اجور عمل شوكية يوم واحد","بدون مشروع","مصروف","",250000
"٢٦‏/٥‏/٢٠٢٥","اجور عمال عدد 4 تصعيد ثرمستون","بدون مشروع","مصروف","",100000
"٢٦‏/٥‏/٢٠٢٥","وجبة غداء لسواق التريلات عدد 2","بدون مشروع","مصروف","",15000
"٢٦‏/٥‏/٢٠٢٥","وجبة غداء لعمال عدد 6","بدون مشروع","مصروف","",15000
"٢٦‏/٥‏/٢٠٢٥","شراء رصيد فئة 25000 لمدير المشروع (محمد حبيب)","بدون مشروع","مصروف","",27500
"٢٦‏/٥‏/٢٠٢٥","وجبة غداء ل4 عمال","بدون مشروع","مصروف","",10000
"٢٦‏/٥‏/٢٠٢٥","تجهيز 40 سكيبة بلوك ثرمستون (20*20*60)","بدون مشروع","مصروف","",5530000
"٢٦‏/٥‏/٢٠٢٥","اجور 3 عمال تصعيد ثرمستون للطابق الرابع","بدون مشروع","مصروف","",75000
"٢٦‏/٥‏/٢٠٢٥","وجبة غداء عمال عدد 5","بدون مشروع","مصروف","",16000
"٢٦‏/٥‏/٢٠٢٥","شراء ضيافة (عصائر)","بدون مشروع","مصروف","",7500
"٢٦‏/٥‏/٢٠٢٥","اجور 3 عمال تصعيد مواد ونج (2 كيا رمل + 2 طن اسمنت) للطابق الثالث + الرابع (2 سائق + عامل)","بدون مشروع","مصروف","",85000
"٢٦‏/٥‏/٢٠٢٥","اجور 3 عمال نقل ثرمستون من الطابق الثاني للسطح (تفريغ)","بدون مشروع","مصروف","",75000
"٢٦‏/٥‏/٢٠٢٥","شراء بنزين 80 لتر  + اجور النقل","بدون مشروع","مصروف","",50000
"٢٦‏/٥‏/٢٠٢٥","شراء صبغ رادليت عدد 20 + رولات صبغ عدد 10","بدون مشروع","مصروف","",229000
"٢٦‏/٥‏/٢٠٢٥","شراء مواد للمطبخ + الاجرة","بدون مشروع","مصروف","",135000
"٢٦‏/٥‏/٢٠٢٥","اجور عمل منظومة انارة للفندق والمول (الطابق الارضي) + عمل ايصال كهرباء ماطورات الماء
عمل (30 بروجكتر ) + (تسليك كهرباء ل7 ماطورات ماء)
عمال عدد 2 لمدة 8 ايام","بدون مشروع","مصروف","",400000
"٢٦‏/٥‏/٢٠٢٥","شراء مواد (3 طن اسمنت + تك رمل اسود)","بدون مشروع","مصروف","",460000
"٢٦‏/٥‏/٢٠٢٥","شراء 50 قطعة حديد راسطة + اجرة النقل","بدون مشروع","مصروف","",415000
"٢٦‏/٥‏/٢٠٢٥","تجهيز 80 سكيبة بلوك ثرمستون قياس (12*20*60)","بدون مشروع","مصروف","",11060000
"٢٦‏/٥‏/٢٠٢٥","وجبة غداء لعامل واحد","بدون مشروع","مصروف","",4500
"٢٦‏/٥‏/٢٠٢٥","شراء 50 قطعة دفاتر ملاحظات مع قلم وعلبة (طبع ليزري) للمهرجان","بدون مشروع","مصروف","",500000
"٢٦‏/٥‏/٢٠٢٥","اجور عمال عدد 2 تصعيد ثرمستون وتنزيل سكيبات فارغة","بدون مشروع","مصروف","",50000
"٢٦‏/٥‏/٢٠٢٥","شراء 30 سيت ماء + اجور النقل","بدون مشروع","مصروف","",50000
"٢٦‏/٥‏/٢٠٢٥","اجور عمال عدد 2 لتنزيل السكيبات الفارغة لمدة يومين","بدون مشروع","مصروف","",100000
"٢٦‏/٥‏/٢٠٢٥","اجور عمال عدد 2 لتنزيل السكيبات الفارغة وتصعيد ثرمستون 7 سكيبات ","بدون مشروع","مصروف","",40000
"٢٦‏/٥‏/٢٠٢٥","شراء سفيفة رولة","بدون مشروع","مصروف","",7000
"٢٦‏/٥‏/٢٠٢٥","اجور عمال نقل ثرمستون عدد 3","بدون مشروع","مصروف","",75000
"٢٦‏/٥‏/٢٠٢٥","اجور عمال ونج عدد 3 (2 سواق + عامل) تصعيد مواد (طن اسمنت + 2 كيا رمل)","بدون مشروع","مصروف","",85000
"٢٦‏/٥‏/٢٠٢٥","عشاء سواق التريلات (عدد 2)","بدون مشروع","مصروف","",10000
"٢٦‏/٥‏/٢٠٢٥","شراء 8 براميل كاز","بدون مشروع","مصروف","",1200000
"٢٦‏/٥‏/٢٠٢٥","شراء زيت طعام","بدون مشروع","مصروف","",2000
"٢٦‏/٥‏/٢٠٢٥","اجور تثبيت القالب الخشبي وصب واغلاق الفتحات في طوابق بناية الفندق","بدون مشروع","مصروف","",9800000
"٢٦‏/٥‏/٢٠٢٥","مصروف تمويل المشروع: فندق المصايف","بدون مشروع","مصروف","",600000000
"٢٦‏/٥‏/٢٠٢٥","إيراد مباشر للمشروع","بدون مشروع","إيراد","",600000000
"٢٦‏/٥‏/٢٠٢٥","مصروف تمويل المشروع: فندق المصايف","بدون مشروع","مصروف","",2000
"٢٦‏/٥‏/٢٠٢٥","اجور عمال عدد 4 تصعيد ثرمستون للطابق الرابع بناية الفندق","بدون مشروع","مصروف","",100000
"٢٦‏/٥‏/٢٠٢٥","عامل ونج لتصعيد ثرمستون","بدون مشروع","مصروف","",25000
"٢٦‏/٥‏/٢٠٢٥","اجور عمال عدد 3 لتصعيد ثرمستون","بدون مشروع","مصروف","",75000
"٢٦‏/٥‏/٢٠٢٥","اجور عمال عدد 2 لتنزيل السكيبات الفارغة من طوابق الفندق","بدون مشروع","مصروف","",50000
"٢٦‏/٥‏/٢٠٢٥","اجور عمال ونج عدد 4 (2 سائقين + 2 عمال) لتصعيد مواد (2 كيا رمل + 2 طن اسمنت)","بدون مشروع","مصروف","",110000
"٢٦‏/٥‏/٢٠٢٥","شراء بنزين 40 لتر + اجور النقل","بدون مشروع","مصروف","",25000
"٢٦‏/٥‏/٢٠٢٥","اجور عمل شوكية لتنزيل الثرمستون","بدون مشروع","مصروف","",150000
"٢٦‏/٥‏/٢٠٢٥","ايداع اجور المكتب الاستشاري (محمد عارف)","بدون مشروع","مصروف","",25075000
"٢٦‏/٥‏/٢٠٢٥","اجور شراء حديد راسطة 65 قطعة","بدون مشروع","مصروف","",520000
"٢٦‏/٥‏/٢٠٢٥","اجور تجهيز 80 سكيبة بلوك ثرمستون (20*20*60) ","بدون مشروع","مصروف","",11060000
"٢٦‏/٥‏/٢٠٢٥","اجور عمل شفل لتنظيف وتعديل واجهة (مقدمة) الموقع","بدون مشروع","مصروف","",100000
"٢٦‏/٥‏/٢٠٢٥","اجور عمال نقل ثرمستون عدد 6 لمدة 4 ايام","بدون مشروع","مصروف","",600000
"٢٦‏/٥‏/٢٠٢٥","اجور عمل كرين تودانه","بدون مشروع","مصروف","",500000
"٢٦‏/٥‏/٢٠٢٥","اجور عمل كرين حرامي لتنزيل 22 سكيبة","بدون مشروع","مصروف","",175000
"٢٦‏/٥‏/٢٠٢٥","اجور عمل كرين لتنزيل سيارتين (تريلتين)","بدون مشروع","مصروف","",200000
"٢٦‏/٥‏/٢٠٢٥","اجور عمل كرين تودانة ليوم واحد","بدون مشروع","مصروف","",550000
"٢٦‏/٥‏/٢٠٢٥","اجور عمل كرين حرامي ليوم واحد تنزيل تريله واحدة","بدون مشروع","مصروف","",250000
"٢٦‏/٥‏/٢٠٢٥","اجور عمل كرين حرامي ليوم واحد","بدون مشروع","مصروف","",250000
"٢٦‏/٥‏/٢٠٢٥","اجور عمل كرين تنزيل 4 تريلات","بدون مشروع","مصروف","",650000
"٢٦‏/٥‏/٢٠٢٥","اجور عمل كرين لتنزيل مواد تريله واحدة","بدون مشروع","مصروف","",250000
"٢٦‏/٥‏/٢٠٢٥","اجور عمال نقل ثرمستون عدد 2 لمدة يومين","بدون مشروع","مصروف","",100000
"٢٦‏/٥‏/٢٠٢٥","اجور عمل شفل لرفع الانقاض داخل الموقع","بدون مشروع","مصروف","",200000
"٢٦‏/٥‏/٢٠٢٥","شراء 16 طن اسمنت + سكس رمل + سكس حصو + 2 سكس رمل اسود +تك رمل اسود","بدون مشروع","مصروف","",3025000
"٢٦‏/٥‏/٢٠٢٥","شراء قهوة + مبيض + شاي (عدد 8 خلال شهر 11/2024 و كارتون من كل واحدة في شهر 12/2024)","بدون مشروع","مصروف","",245000
"٢٦‏/٥‏/٢٠٢٥","اجور عمال ونج عدد 3 (سائق + 2 عمال) تصعيد مواد","بدون مشروع","مصروف","",80000
"٢٦‏/٥‏/٢٠٢٥","اجور 4 عمال نقل سكيبات","بدون مشروع","مصروف","",100000
"٢٦‏/٥‏/٢٠٢٥","اجور عامل واحد تنزيل بيس بليت (1200 قطعة)","بدون مشروع","مصروف","",25000
"٢٦‏/٥‏/٢٠٢٥","اجور عمال نقل سكلات الطوابق عدد 2 ليوم واحد","بدون مشروع","مصروف","",30000
"٢٦‏/٥‏/٢٠٢٥","وجبة غداء لعمال داخل الموقع","بدون مشروع","مصروف","",10000
"٢٦‏/٥‏/٢٠٢٥","شراء حديد + اجور النقل (ليوم المهرجان)","بدون مشروع","مصروف","",108000
"٢٦‏/٥‏/٢٠٢٥","اجور نقل جميع الاغراض والمواد ليوم المهرجان","بدون مشروع","مصروف","",135000
"٢٦‏/٥‏/٢٠٢٥","شراء كاربت 54م","بدون مشروع","مصروف","",108000
"٢٦‏/٥‏/٢٠٢٥","اجور عمل كهربائيات يوم مهرجان واسط","بدون مشروع","مصروف","",200500
"٢٦‏/٥‏/٢٠٢٥","شراء كراسي (ستولات عدد 4)","بدون مشروع","مصروف","",530000
"٢٦‏/٥‏/٢٠٢٥","تنصيب سكله واحدة (الخاصة بالكرين تور)","بدون مشروع","مصروف","",50000
"٢٦‏/٥‏/٢٠٢٥","شراء ماء","بدون مشروع","مصروف","",13000
"٢٦‏/٥‏/٢٠٢٥","تأجير كراسي (لمهرجان يوم واسط)","بدون مشروع","مصروف","",15000
"٢٦‏/٥‏/٢٠٢٥","شراء بنزين 40 لتر + اجرة النقل","بدون مشروع","مصروف","",25000
"٢٦‏/٥‏/٢٠٢٥","شراء زيت طبخ عدد 2","بدون مشروع","مصروف","",4000
"٢٦‏/٥‏/٢٠٢٥","شراء 50 قطعة بلوك + اجور النقل (اضافة للسكلات)","بدون مشروع","مصروف","",45000
"٢٦‏/٥‏/٢٠٢٥","اجور عمل  PRC لواجهة (مقدمة) الموقع","بدون مشروع","مصروف","",15000
"٢٦‏/٥‏/٢٠٢٥","اجور قطع (تفليش) صب الباب في الطابق الارضي بناية الفندق","بدون مشروع","مصروف","",500000
"٢٦‏/٥‏/٢٠٢٥","اجور تأمينات الفندق الى شركة التأمين الوطنية + العمولة","بدون مشروع","مصروف","",37460000
"٢٦‏/٥‏/٢٠٢٥","شراء بنزين 40 لتر + اجرة النقل","بدون مشروع","مصروف","",25000
"٢٦‏/٥‏/٢٠٢٥","اجرة نقل الونج","بدون مشروع","مصروف","",10000
"٢٦‏/٥‏/٢٠٢٥","شراء احتياجات للمطبخ (قوري + دلة + سكين)","بدون مشروع","مصروف","",11500
"٢٦‏/٥‏/٢٠٢٥","شراء براميل + عربة + اجرة النقل","بدون مشروع","مصروف","",40000
"٢٦‏/٥‏/٢٠٢٥","اجرة نقل دراب سكيبة","بدون مشروع","مصروف","",10000
"٢٦‏/٥‏/٢٠٢٥","اجور عمل الشفل لتنظيف مقدمة الموقع","بدون مشروع","مصروف","",20000
"٢٦‏/٥‏/٢٠٢٥","اكرامية عمال عدد 2 داخل الموقع","بدون مشروع","مصروف","",20000
"٢٦‏/٥‏/٢٠٢٥","شراء مواد تقطيع + اجرة النقل","بدون مشروع","مصروف","",70000
"٢٦‏/٥‏/٢٠٢٥","عمل كهرباء (نصب بروجكترات خارج الموقع)","بدون مشروع","مصروف","",25000
"٢٦‏/٥‏/٢٠٢٥","اكرامية عمال الموقع عدد 4 (تنزيل ثرمستون)","بدون مشروع","مصروف","",75000
"٢٦‏/٥‏/٢٠٢٥","شراء مستلزمات مكتبية","بدون مشروع","مصروف","",90000
"٢٦‏/٥‏/٢٠٢٥","شراء رولة ايزوكام عدد 2","بدون مشروع","مصروف","",11000
"٢٦‏/٥‏/٢٠٢٥","شراء كارتون قدح شاي + كارتون قدح قهوة","بدون مشروع","مصروف","",19000
"٢٦‏/٥‏/٢٠٢٥","شراء معطر جو عدد 2","بدون مشروع","مصروف","",5000
"٢٦‏/٥‏/٢٠٢٥","شراء جوزة باب عدد 3","بدون مشروع","مصروف","",15000
"٢٦‏/٥‏/٢٠٢٥","شراء بند ورق (A4 + A3)","بدون مشروع","مصروف","",15000
"٢٦‏/٥‏/٢٠٢٥","شراء باله كلينكس","بدون مشروع","مصروف","",7000
"٢٦‏/٥‏/٢٠٢٥","شراء مسواك + ادوات مطبخ (فواكه + صواني + سكاكين)","بدون مشروع","مصروف","",63000
"٢٦‏/٥‏/٢٠٢٥","اجور عمل شوكية ليوم واحد","بدون مشروع","مصروف","",200000
"٢٦‏/٥‏/٢٠٢٥","اجور عمل شوكية تحميل سيارة واحدة","بدون مشروع","مصروف","",75000
"٢٦‏/٥‏/٢٠٢٥","اجور عمل شوكية لمدة يومين","بدون مشروع","مصروف","",500000
"٢٦‏/٥‏/٢٠٢٥","اجور عمل شوكية تنزيل سيارة واحدة","بدون مشروع","مصروف","",75000
"٢٦‏/٥‏/٢٠٢٥","اجور عمل شوكية لمدة 3 ايام","بدون مشروع","مصروف","",750000
"٢٦‏/٥‏/٢٠٢٥","اجور عمل شوكية يوم واحد + تنزيل سيارة ونصف","بدون مشروع","مصروف","",325000
"٢٦‏/٥‏/٢٠٢٥","اجور عمل شوكية تنزيل اكثر من سيارتين لمدة يومين","بدون مشروع","مصروف","",600000
"٢٦‏/٥‏/٢٠٢٥","اجور عمال نقل ثرمستون عدد 3 + غداء","بدون مشروع","مصروف","",85000
"٢٦‏/٥‏/٢٠٢٥","اجور عمل شوكية يوم واحد","بدون مشروع","مصروف","",250000
"٢٦‏/٥‏/٢٠٢٥","اجور عمل شوكية تنزيل 7 سيارات","بدون مشروع","مصروف","",385000
"٢٦‏/٥‏/٢٠٢٥","اجور عمل شوكية تنزيل 3 سيارات","بدون مشروع","مصروف","",165000
"٢٦‏/٥‏/٢٠٢٥","اجور عمل شوكية تنزيل سيارة واحدة","بدون مشروع","مصروف","",100000
"٢٦‏/٥‏/٢٠٢٥","اجور عمل شوكية تنزيل 4 سيارات ليومين","بدون مشروع","مصروف","",400000
"٢٦‏/٥‏/٢٠٢٥","اجور عمل شوكية تنزيل سيارة واحدة","بدون مشروع","مصروف","",75000
"٢٦‏/٥‏/٢٠٢٥","اجور عامل تنظيف الموقع (نصف نهار)","بدون مشروع","مصروف","",15000
"٢٦‏/٥‏/٢٠٢٥","اجور عامل لتنظيف الموقع","بدون مشروع","مصروف","",20000
"٢٦‏/٥‏/٢٠٢٥","اجور عمال عدد 2 نقل ثرمستون","بدون مشروع","مصروف","",50000
"٢٦‏/٥‏/٢٠٢٥","مصروف تمويل المشروع: فندق المصايف","بدون مشروع","مصروف","",100000000
"٢٦‏/٥‏/٢٠٢٥","إيراد مباشر للمشروع","بدون مشروع","إيراد","",100000000
"٢٦‏/٥‏/٢٠٢٥","عامل لتنظيف الموقع لمدة يومين","بدون مشروع","مصروف","",50000
"٢٦‏/٥‏/٢٠٢٥","اجور عمال عدد 2 نقل ثرمستون (نصف سيارة)","بدون مشروع","مصروف","",40000
"٢٦‏/٥‏/٢٠٢٥","اجور عمال نقل ثرمستون عدد 3 لمدة ثلاث ايام","بدون مشروع","مصروف","",220000
"٢٦‏/٥‏/٢٠٢٥","اجور عمال ونج عدد 2 (سائق + عامل)","بدون مشروع","مصروف","",55000
"٢٦‏/٥‏/٢٠٢٥","اجور 4 عمال ثرمستون","بدون مشروع","مصروف","",100000
"٢٦‏/٥‏/٢٠٢٥","اجور عمال ونج عدد 4 ليوم واحد تصعيد مواد (طابقين)","بدون مشروع","مصروف","",200000
"٢٦‏/٥‏/٢٠٢٥","اجور عمال ونج عدد 3 (سائق + 2 عمال) لتصعيد مواد للطوابق","بدون مشروع","مصروف","",80000
"٢٦‏/٥‏/٢٠٢٥","اجور 2 عمال لنقل الثرمستون","بدون مشروع","مصروف","",50000
"٢٦‏/٥‏/٢٠٢٥","عمال ونج عدد 7 ليوم واحد (تصعيد مواد للطوابق)","بدون مشروع","مصروف","",290000
"٢٦‏/٥‏/٢٠٢٥","شراء 3 دبات ثنر","بدون مشروع","مصروف","",12000
"٢٦‏/٥‏/٢٠٢٥","اجرة نقل الونج","بدون مشروع","مصروف","",10000
"٢٦‏/٥‏/٢٠٢٥","شراء بنزين للصبغ + 2 جلكان","بدون مشروع","مصروف","",35000
"٢٦‏/٥‏/٢٠٢٥","عمل الحفارة ليوم واحد (تعديل ارضية الموقع لغرض انزال المواد)","بدون مشروع","مصروف","",250000
"٢٦‏/٥‏/٢٠٢٥","اجرة ستوتة لنقل الحديد للموقع","بدون مشروع","مصروف","",13000
"٢٦‏/٥‏/٢٠٢٥","اكرامية عامل داخل الموقع (ساعات اضافية)","بدون مشروع","مصروف","",15000
"٢٦‏/٥‏/٢٠٢٥","شراء بنزين 40 لتر + اجرة النقل","بدون مشروع","مصروف","",25000
"٢٦‏/٥‏/٢٠٢٥","تبديل دهن + صيانة المولد","بدون مشروع","مصروف","",25000
"٢٦‏/٥‏/٢٠٢٥","شراء بنزين 40 لتر + جلكانات عدد 4 + اجرة النقل","بدون مشروع","مصروف","",70000
"٢٦‏/٥‏/٢٠٢٥","اجرة كيا نقل شيش الزرع لغلق الفتحات","بدون مشروع","مصروف","",20000
"٢٦‏/٥‏/٢٠٢٥","شراء بيس بليت مثقب","بدون مشروع","مصروف","",9800000
"٢٦‏/٥‏/٢٠٢٥","شراء بيس بليت مثقب","بدون مشروع","مصروف","",9800000
"٢٦‏/٥‏/٢٠٢٥","شراء قشط سيارة واحدة","بدون مشروع","مصروف","",125000
"٢٦‏/٥‏/٢٠٢٥","شراء حبل نايلون 95 متر","بدون مشروع","مصروف","",34000
"٢٦‏/٥‏/٢٠٢٥","شراء صبغ غالون بوية اصفر ياقوت","بدون مشروع","مصروف","",15000
"٢٦‏/٥‏/٢٠٢٥","شراء سفيفة (6*6) عدد 4","بدون مشروع","مصروف","",120000
"٢٦‏/٥‏/٢٠٢٥","شراء برينة همر + مقص اسلاك + واشرات + سقف سكله","بدون مشروع","مصروف","",33500
"٢٦‏/٥‏/٢٠٢٥","شراء كرك طويل يده خشب 1.5 متر","بدون مشروع","مصروف","",10000
"٢٦‏/٥‏/٢٠٢٥","شراء عدد انشائية","بدون مشروع","مصروف","",10000
"٢٦‏/٥‏/٢٠٢٥","اجور عمل زرع الشيش (الخاصة بغلق الفتحات لبناية الفندق)","بدون مشروع","مصروف","",2250000
"٢٦‏/٥‏/٢٠٢٥","تنصيب سكلات عدد 2 (المستقبلات الخاصة بالكرين تور وتثبيتها بالطوابق)","بدون مشروع","مصروف","",750000
"٢٦‏/٥‏/٢٠٢٥","تجهيز 92 سكيبة بلوك ثرمستون","بدون مشروع","مصروف","",11128000
"٢٦‏/٥‏/٢٠٢٥","اجراء كافة الفحوصات الخاصة بمادة الثرمستون (20*20*60)","بدون مشروع","مصروف","",100000
"٢٦‏/٥‏/٢٠٢٥","شراء مسمار طلقة كبير","بدون مشروع","مصروف","",32500
"٢٦‏/٥‏/٢٠٢٥","تجديد اشتراك الانترنت","بدون مشروع","مصروف","",45000
"٢٦‏/٥‏/٢٠٢٥","شراء عدد يدوية وانشائية","بدون مشروع","مصروف","",28500
"٢٦‏/٥‏/٢٠٢٥","شراء عدد انشائية (جنكال سحب راجز 4 طن)","بدون مشروع","مصروف","",40000
"٢٦‏/٥‏/٢٠٢٥","بوري مربع 3 انج + اجور النقل","بدون مشروع","مصروف","",106000
"٢٦‏/٥‏/٢٠٢٥","شراء راسطة + اجور النقل","بدون مشروع","مصروف","",655000
"٢٦‏/٥‏/٢٠٢٥","شراء عدد يدوية وانشائية (كاوية; كندك + سكور سبانة)","بدون مشروع","مصروف","",75000
"٢٦‏/٥‏/٢٠٢٥","شراء عدد سيفتي (جزمة عمل)","بدون مشروع","مصروف","",20000
"٢٦‏/٥‏/٢٠٢٥","شراء مواد تأسيس","بدون مشروع","مصروف","",4250
"٢٦‏/٥‏/٢٠٢٥","شراء مشبك (PRC) + بوري 1 انج (لكابينة المصعد) + اجور النقل","بدون مشروع","مصروف","",23000
"٢٦‏/٥‏/٢٠٢٥","شراء عدد يدوية (انكر 16 * 150)","بدون مشروع","مصروف","",17000
"٢٦‏/٥‏/٢٠٢٥","شراء طلقة واشر ناعم","بدون مشروع","مصروف","",10000
"٢٦‏/٥‏/٢٠٢٥","اكرامية 3 سواق السيارات الحمل (الثرمستون)","بدون مشروع","مصروف","",300000
"٢٦‏/٥‏/٢٠٢٥","اجرة الذهاب مرتين الى بغداد لغرض شراء الحديد + مصاريف ضمنية","بدون مشروع","مصروف","",250000
"٢٦‏/٥‏/٢٠٢٥","شراء عدد ميكانيكية وانشائية","بدون مشروع","مصروف","",59500
"٢٦‏/٥‏/٢٠٢٥","شراء عدد انشائية ويدوية","بدون مشروع","مصروف","",68000
"٢٦‏/٥‏/٢٠٢٥","شراء خشب بلايود 18 ملم (خاص بالسكلات او المستقبلات الخاصة بالكرين تور)","بدون مشروع","مصروف","",200000
"٢٦‏/٥‏/٢٠٢٥","شراء حديد + ملحقات خاصة بالسكلات الخاصة بالكرين تور","بدون مشروع","مصروف","",420000
"٢٦‏/٥‏/٢٠٢٥","شراء مسلتزمات للمطبخ","بدون مشروع","مصروف","",14000
"٢٦‏/٥‏/٢٠٢٥","وجبة غداء ل16 عامل مع اجور التوصيل","بدون مشروع","مصروف","",33000
"٢٦‏/٥‏/٢٠٢٥","شراء شريط تحذير كبير","بدون مشروع","مصروف","",18000
"٢٦‏/٥‏/٢٠٢٥","شراء عدد يدوية","بدون مشروع","مصروف","",2500
"٢٦‏/٥‏/٢٠٢٥","وجبة غداء ل4 عمال + اجور النقل","بدون مشروع","مصروف","",9000
"٢٦‏/٥‏/٢٠٢٥","شراء غاز (عدد 6 قناني) لعدة اشهر","بدون مشروع","مصروف","",42000
"٢٦‏/٥‏/٢٠٢٥","وجبة غداء","بدون مشروع","مصروف","",44000
"٢٦‏/٥‏/٢٠٢٥","تجهيز 46 سكيبة بلوك ثرمستون ","بدون مشروع","مصروف","",5565000
"٢٦‏/٥‏/٢٠٢٥","عمال نقل ثرمستون عدد 2","بدون مشروع","مصروف","",50000
"٢٦‏/٥‏/٢٠٢٥","وجبات طعام (فطور + غداء) لعمال نقل الثرمستون (52 عامل) ل7 ايام","بدون مشروع","مصروف","",179000
"٢٦‏/٥‏/٢٠٢٥","شراء 2 كغم سيم رابط","بدون مشروع","مصروف","",21000
"٢٦‏/٥‏/٢٠٢٥","شراء سبانة 13 ملم ويني","بدون مشروع","مصروف","",1500
"٢٦‏/٥‏/٢٠٢٥","شراء عدد يدوية","بدون مشروع","مصروف","",52000
"٢٦‏/٥‏/٢٠٢٥","تجديد اشتراك الانترنت","بدون مشروع","مصروف","",45000
"٢٦‏/٥‏/٢٠٢٥","شراء برغي حديد مفرد + سبانة 19 ملم","بدون مشروع","مصروف","",8000
"٢٦‏/٥‏/٢٠٢٥","شراء 2 كغم سيم ربط","بدون مشروع","مصروف","",10500
"٢٦‏/٥‏/٢٠٢٥","شراء حديد (6 ملم) (باجات)","بدون مشروع","مصروف","",925000
"٢٦‏/٥‏/٢٠٢٥","فرش ثلاث سيارات قشط داخل الموقع (اسفلت مقلوع)","بدون مشروع","مصروف","",375000
"٢٦‏/٥‏/٢٠٢٥","رفع انقاض داخل الموقع (انقاض تفليش الجدار الخارجي)","بدون مشروع","مصروف","",300000
"٢٦‏/٥‏/٢٠٢٥","وجبة غداء + عشاء ل14 شخص (عمال + سواق التريلات)","بدون مشروع","مصروف","",63000
"٢٦‏/٥‏/٢٠٢٥","شراء صبغ 75 قطعة + اجور النقل","بدون مشروع","مصروف","",820000
"٢٦‏/٥‏/٢٠٢٥","شراء حديد","بدون مشروع","مصروف","",40610000
"٢٦‏/٥‏/٢٠٢٥","شراء عربة بناء عدد 2","بدون مشروع","مصروف","",120000
"٢٦‏/٥‏/٢٠٢٥","شراء سيليكون زرع شيش (12 قطعة)","بدون مشروع","مصروف","",144000
"٢٦‏/٥‏/٢٠٢٥","شراء مواد غذائية + اجرة النقل","بدون مشروع","مصروف","",102000
"٢٦‏/٥‏/٢٠٢٥","شراء 35 قطعة بيس بليت (6ملم) + اجور النقل","بدون مشروع","مصروف","",329000
"٢٦‏/٥‏/٢٠٢٥","شراء حديد + اجرة النقل","بدون مشروع","مصروف","",7185000
"٢٦‏/٥‏/٢٠٢٥","شراء عدد يدوية وانشائية","بدون مشروع","مصروف","",151000
"٢٦‏/٥‏/٢٠٢٥","شراء سيم ربط (2 كغم)","بدون مشروع","مصروف","",3500
"٢٦‏/٥‏/٢٠٢٥","وجبة غداء ل25 شخص","بدون مشروع","مصروف","",65500
"٢٦‏/٥‏/٢٠٢٥","تجديد اشتراك الانترنت لشهري (11و12/ 2024)","بدون مشروع","مصروف","",90000
"٢٦‏/٥‏/٢٠٢٥","شراء 35 كغم سكر","بدون مشروع","مصروف","",47000
"٢٦‏/٥‏/٢٠٢٥","حوالة لحساب شركة بلكانة للمقاولات العامة-المحدودة","بدون مشروع","مصروف","",353500000
"٢٣‏/٥‏/٢٠٢٥","مصروف تمويل المشروع: فندق المصايف","بدون مشروع","مصروف","",100000000
"٢٣‏/٥‏/٢٠٢٥","إيراد مباشر للمشروع","بدون مشروع","إيراد","",100000000
"٢١‏/٥‏/٢٠٢٥","تجهيز وتثبيت مواد المسقف الحديدي الخاص بالمول + اجور الحوالة 50;000","بدون مشروع","مصروف","",7700000
"٢١‏/٥‏/٢٠٢٥","تصليح كاميرات الموقع","بدون مشروع","مصروف","",85000
"٢١‏/٥‏/٢٠٢٥","اجور اعمال التوصيلات الكهربائية ومد انابيب الp.v.c لبخاصة بالمول","بدون مشروع","مصروف","",880000
"٢١‏/٥‏/٢٠٢٥","اجور عمل قواعد الهيكل الحديدي لبناية المول","بدون مشروع","مصروف","",250000
"٢١‏/٥‏/٢٠٢٥","اجور الكشف المشترك بين دوائر التسجيل العقاري والبلدية ومصرف التجارة العراقي TBI","بدون مشروع","مصروف","",1500000
"٢١‏/٥‏/٢٠٢٥","صيانة كهربائية داخل الموقع","بدون مشروع","مصروف","",100000
"٢١‏/٥‏/٢٠٢٥","اجور المشاركة في مهرجان يوم واسط","بدون مشروع","مصروف","",10000000
"٢١‏/٥‏/٢٠٢٥","اجور المشاركة في مهرجان يوم واسط","بدون مشروع","مصروف","",10000000
"٢١‏/٥‏/٢٠٢٥","شراء مستلزمات مكتبية","بدون مشروع","مصروف","",8000
"٢١‏/٥‏/٢٠٢٥","تنصيب منظومة الماء والشبكات المؤقتة لغرض العمل ","بدون مشروع","مصروف","",11000000
"٢١‏/٥‏/٢٠٢٥","شراء فلاتر دهن وكاز للمولد","بدون مشروع","مصروف","",56000
"٢٠‏/٥‏/٢٠٢٥","شراء عدد يدوية وانشائية","بدون مشروع","مصروف","",144000
"١٠‏/٥‏/٢٠٢٥","شراء زيوت و ادوات احتياطية للمولدات ","بدون مشروع","مصروف","",140000
"١٠‏/٥‏/٢٠٢٥","اجور غداء ل 20 شخص ","بدون مشروع","مصروف","",41000
"١٠‏/٥‏/٢٠٢٥","شراء مواد كهربائية ","بدون مشروع","مصروف","",1872750
"١٠‏/٥‏/٢٠٢٥","شراء كرفان للاستخبارات ","بدون مشروع","مصروف","",1500000
"١٠‏/٥‏/٢٠٢٥","تنفيذ وتركيب وصيانة مصعد ","بدون مشروع","مصروف","",9500000
"١٠‏/٥‏/٢٠٢٥","وجبة غداء ل 20 شخص داخل موقع العمل مع اجور التوصيل ","بدون مشروع","مصروف","",41000
"١٠‏/٥‏/٢٠٢٥","تجهيز 2200 كيس مادة لاصقة مع اجور النقل ","بدون مشروع","مصروف","",19800000
"١٠‏/٥‏/٢٠٢٥","تجهيز 288 سكيبة بلوك ثرمستون مع اجور النقل ","بدون مشروع","مصروف","",33180000
"١٠‏/٥‏/٢٠٢٥","وجبة غداء ل 4 اشخاص داخل موقع العمل مع اجور التوصيل ","بدون مشروع","مصروف","",15000
"١٠‏/٥‏/٢٠٢٥","وجبة غداء ل 19 شخص داخل موقع العمل مع اجور التوصيل ","بدون مشروع","مصروف","",51000
"١٠‏/٥‏/٢٠٢٥","شراء بليت 6 ملم عدد 15 مع اجور التوصيل ","بدون مشروع","مصروف","",95000
"١٠‏/٥‏/٢٠٢٥","وجبة غداء لشخصين ","بدون مشروع","مصروف","",16000
"١٠‏/٥‏/٢٠٢٥","شراء عدد يدوية وانشائية ( شامل اجور النقل 13;000 الف دينار عراقي ) ","بدون مشروع","مصروف","",629000
"١٠‏/٥‏/٢٠٢٥","شراء عدد يدوية وانشائية ","بدون مشروع","مصروف","",457000
"١٠‏/٥‏/٢٠٢٥","شراء عدد يدوية وانشائية ","بدون مشروع","مصروف","",18000
"١٠‏/٥‏/٢٠٢٥","وجبة غداء ل 21 عامل ","بدون مشروع","مصروف","",72000
"١٠‏/٥‏/٢٠٢٥","وجبة غداء ل 17 عامل ","بدون مشروع","مصروف","",47000
"١٠‏/٥‏/٢٠٢٥","تجهيز 144 سكيبة بلوك ثرمستون مع اجور النقل ","بدون مشروع","مصروف","",16590000
"١٠‏/٥‏/٢٠٢٥","تجهيز 144 سكيبة بلوك ثرمستون مع اجور النقل ","بدون مشروع","مصروف","",16590000
"١٠‏/٥‏/٢٠٢٥","نقل سكيبات \ عمال عدد 4 لمدة 3 ايام ","بدون مشروع","مصروف","",1100000
"١٠‏/٥‏/٢٠٢٥","شراء عدد يدوية وانشائية ","بدون مشروع","مصروف","",120000
"١٠‏/٥‏/٢٠٢٥","وجبة غداء ل 15 عامل ","بدون مشروع","مصروف","",31000
"١٠‏/٥‏/٢٠٢٥","تجهيز 96 سكيبة بلوك ثرمستون ","بدون مشروع","مصروف","",11060000
"١٠‏/٥‏/٢٠٢٥","وجبة غداء ","بدون مشروع","مصروف","",14000
"١٠‏/٥‏/٢٠٢٥","وجبة غداء ل 3 عمال ","بدون مشروع","مصروف","",37000
"١٠‏/٥‏/٢٠٢٥","شراء سليكون زرع شيش ","بدون مشروع","مصروف","",144000
"٤‏/٥‏/٢٠٢٥","تجهيز ١٩٢ سكيبة بلوك ثرمستون + ٢٢٠٠ كيس مادة لاصقة","بدون مشروع","مصروف","",41920000
"٤‏/٥‏/٢٠٢٥","وجبة غداء ١٢ شخص (سواق + عمال)","بدون مشروع","مصروف","",61000
"٤‏/٥‏/٢٠٢٥","شراء سيليكون زرع شيش ١٢ قطعة","بدون مشروع","مصروف","",144000
"٤‏/٥‏/٢٠٢٥","تجهيز ٢٤٠ سكيبة بلوك ثرمستون (٢٠ سم)","بدون مشروع","مصروف","",27650000
"٤‏/٥‏/٢٠٢٥","شراء سيار شجرة","بدون مشروع","مصروف","",5000
"٤‏/٥‏/٢٠٢٥","شراء مواد غذائية","بدون مشروع","مصروف","",75000
"٤‏/٥‏/٢٠٢٥","شراء ٧ سكس سبيس","بدون مشروع","مصروف","",1225000
"٤‏/٥‏/٢٠٢٥","تجهيز ١٤٤ سكيبة بلوك ثرمستون","بدون مشروع","مصروف","",16590000
"٤‏/٥‏/٢٠٢٥","شراء مسدس سيليكون ١.٨ ملم","بدون مشروع","مصروف","",12000
"٤‏/٥‏/٢٠٢٥","سيليكون زرع شيش","بدون مشروع","مصروف","",48000
"٤‏/٥‏/٢٠٢٥","شراء مسدس سيليكون زرع شيش + سيليكون زرع شيش","بدون مشروع","مصروف","",161000
"٤‏/٥‏/٢٠٢٥","وجبة غداء ١٦ عامل","بدون مشروع","مصروف","",33000
"٤‏/٥‏/٢٠٢٥","وجبة غداء ١٠ عمال","بدون مشروع","مصروف","",20000
"٤‏/٥‏/٢٠٢٥","وجبة غداء ٤ عمال","بدون مشروع","مصروف","",29000
"٤‏/٥‏/٢٠٢٥","وجبة غداء للعمال","بدون مشروع","مصروف","",20000
"٤‏/٥‏/٢٠٢٥","تجهيز ١٤٤ سكيبة بلوك ثرمستون + ٢٢٠٠ كيس مادة لاصقة","بدون مشروع","مصروف","",36390000
"٤‏/٥‏/٢٠٢٥","شراء مواد إنشائية (قاشطة واير بلايس متعدد)","بدون مشروع","مصروف","",10000
"٤‏/٥‏/٢٠٢٥","شراء سيليكون زرع شيش + حقيبة نجارية + طلقة بسمار+ طلقة بسمار واشر","بدون مشروع","مصروف","",184000
"٢٨‏/٤‏/٢٠٢٥","شراء النكي ٩ قطع","بدون مشروع","مصروف","",7000
"٢٨‏/٤‏/٢٠٢٥","تجهيز ١٤٤ سكيبة بلوك ثرمستون ٢٠ سم","بدون مشروع","مصروف","",16590000
"٢٨‏/٤‏/٢٠٢٥","شراء جك مخزني ٢ طن + ٢.٥ طن ستاند","بدون مشروع","مصروف","",805000
"٢٨‏/٤‏/٢٠٢٥","شراء ٣٥ قطعة برينة همر","بدون مشروع","مصروف","",70000
"٢٨‏/٤‏/٢٠٢٥","شراء مستلزمات سلامة (كف عمل)","بدون مشروع","مصروف","",7000
"٢٨‏/٤‏/٢٠٢٥","شراء دبة ثنر","بدون مشروع","مصروف","",8000
"٢٨‏/٤‏/٢٠٢٥","شراء معدات ومواد إنشائية ","بدون مشروع","مصروف","",225500
"٢٨‏/٤‏/٢٠٢٥","شراء معدات ","بدون مشروع","مصروف","",113000
"٢٨‏/٤‏/٢٠٢٥","شراء مستلزمات مكتبية للمشروع","بدون مشروع","مصروف","",90500
"٢٨‏/٤‏/٢٠٢٥","شراء مواد بناء","بدون مشروع","مصروف","",60500
"٢٨‏/٤‏/٢٠٢٥","شراء صبغ غالون بوية ياقوت عدد ٤","بدون مشروع","مصروف","",60000
"٢٨‏/٤‏/٢٠٢٥","شراء ٢٥ كيلو سكر","بدون مشروع","مصروف","",25000
"٢٨‏/٤‏/٢٠٢٥","شراء كلنكس","بدون مشروع","مصروف","",15000
"٢٨‏/٤‏/٢٠٢٥","تجديد اشتراك الأنترنت لشهر كانون الثاني ","بدون مشروع","مصروف","",45000
"٢٨‏/٤‏/٢٠٢٥","شراء مولد + بطارية","بدون مشروع","مصروف","",1050000
"٢٨‏/٤‏/٢٠٢٥","شراء ٢٥ سيت ماء زها","بدون مشروع","مصروف","",37500
"٢٨‏/٤‏/٢٠٢٥","شراء ٢ طاولة طعام دائري","بدون مشروع","مصروف","",250000
"٢٨‏/٤‏/٢٠٢٥","اجور تصليح الكاميرات ","بدون مشروع","مصروف","",257000
"٢٨‏/٤‏/٢٠٢٥","شراء ٢٥ سيت ماء + سيت قدح شاي","بدون مشروع","مصروف","",51000
"٢٨‏/٤‏/٢٠٢٥","شراء مواد كهربائية ","بدون مشروع","مصروف","",993500
"٢٨‏/٤‏/٢٠٢٥","شراء مواد كهربائية","بدون مشروع","مصروف","",371000
"٢٨‏/٤‏/٢٠٢٥","شراء مواد كهربائية","بدون مشروع","مصروف","",338250
"١٣‏/٤‏/٢٠٢٥","تصليح غساله بيت حردان +مسواك للبنغالي ","بدون مشروع","مصروف","",160000
"١٣‏/٤‏/٢٠٢٥","مصروف تمويل المشروع: الشركه الرئيسيه","بدون مشروع","مصروف","",8000000
"١٣‏/٤‏/٢٠٢٥","تمويل المشروع من قِبل المدير","بدون مشروع","إيراد","",8000000
"١٣‏/٤‏/٢٠٢٥","مصروف تمويل المشروع: الشركه الرئيسيه","بدون مشروع","مصروف","",8000000
"١٣‏/٤‏/٢٠٢٥","تمويل المشروع من قِبل المدير","بدون مشروع","إيراد","",8000000
"١٣‏/٤‏/٢٠٢٥","الئ حسام نعيم بيت الحجي بامر حجي كريم ","بدون مشروع","مصروف","",2000000
"١٣‏/٤‏/٢٠٢٥","الئ حردان بانزين ","بدون مشروع","مصروف","",50000
"١٣‏/٤‏/٢٠٢٥","الئ حاتم عن بيع قطعه ارض +حسون ","بدون مشروع","مصروف","",3000000
"١٣‏/٤‏/٢٠٢٥","الئ مصطفئ ابو الثرمستون ","بدون مشروع","مصروف","",25000000
"١٣‏/٤‏/٢٠٢٥","غداء المكتب بيد كرار الئ حجي حسين ","بدون مشروع","مصروف","",260000
"١٣‏/٤‏/٢٠٢٥","معامله الحجي بيد محمد صوره قيد عاليه ","بدون مشروع","مصروف","",25000
"١٣‏/٤‏/٢٠٢٥","الئ سيف كشف لجنه التفليش لالف","بدون مشروع","مصروف","",250000
"١٢‏/٤‏/٢٠٢٥","مصروف تمويل المشروع: الشركه الرئيسيه","بدون مشروع","مصروف","",38000000
"١٢‏/٤‏/٢٠٢٥","مصروف تمويل المشروع: الشركه الرئيسيه","بدون مشروع","مصروف","",8000000
"١٢‏/٤‏/٢٠٢٥","الئ كرار ياسر شراء عامود مشبك","بدون مشروع","مصروف","",500000
"١٢‏/٤‏/٢٠٢٥","الئ حردان بانزين ","بدون مشروع","مصروف","",50000
"١٢‏/٤‏/٢٠٢٥","ثواب بيت الحجي ","بدون مشروع","مصروف","",75000
"١٢‏/٤‏/٢٠٢٥","الئ حاتم شراء ثلاجه +موطه","بدون مشروع","مصروف","",335000
"١٢‏/٤‏/٢٠٢٥","الئ سيف الزركاني جلب البنكلادش","بدون مشروع","مصروف","",2000000
"١٢‏/٤‏/٢٠٢٥","شراء ايباد الئ غيوده +سماعات الئ حسون ","بدون مشروع","مصروف","",1480000
"١٢‏/٤‏/٢٠٢٥","الئ سيد احمد الزبيديه الئ النجار ","بدون مشروع","مصروف","",2000000
"١٢‏/٤‏/٢٠٢٥","تمويل وارد للصندوق الرئيسي","بدون مشروع","إيراد","",800000000
"١٢‏/٤‏/٢٠٢٥","مصروف تمويل المشروع: فندق المصايف","بدون مشروع","مصروف","",650000000
"١٢‏/٤‏/٢٠٢٥","إيراد مبيعات للمشروع","بدون مشروع","إيراد","",650000000
"١٠‏/٤‏/٢٠٢٥","الئ حسون ","بدون مشروع","مصروف","",1500000
"١٠‏/٤‏/٢٠٢٥","الئ ابو الكريدر تعديل الشارع ","بدون مشروع","مصروف","",35000
"١٠‏/٤‏/٢٠٢٥","الئ محمد سبرنكه اجازه عزيز","بدون مشروع","مصروف","",150000
"١٠‏/٤‏/٢٠٢٥","الئ كرار ياسر 1","بدون مشروع","مصروف","",1000000
"١٠‏/٤‏/٢٠٢٥","الئ سعد ابو الشيش الفندق ","بدون مشروع","مصروف","",2000000
"٩‏/٤‏/٢٠٢٥","بانزين الئ البيكم 2","بدون مشروع","مصروف","",60000
"٩‏/٤‏/٢٠٢٥","الئ حاتم 2004 مطلع","بدون مشروع","مصروف","",75000
"٩‏/٤‏/٢٠٢٥","الئ ابو رقيه دفاع مولدات ","بدون مشروع","مصروف","",30000
"٩‏/٤‏/٢٠٢٥","كهوه الئ عزيز بيد عبود ","بدون مشروع","مصروف","",20000
"٩‏/٤‏/٢٠٢٥","بانزين الئ عبود ","بدون مشروع","مصروف","",50000
"٩‏/٤‏/٢٠٢٥","تبديل دهن سياره عبود","بدون مشروع","مصروف","",60000
"٩‏/٤‏/٢٠٢٥","شراء مسواك للحانوت بيد عبود +شلش ","بدون مشروع","مصروف","",15000
"٩‏/٤‏/٢٠٢٥","شراء مواد تنظيف للمكتب ","بدون مشروع","مصروف","",15000
"٩‏/٤‏/٢٠٢٥","تنصيب ورار المولد مكتب وائل ","بدون مشروع","مصروف","",50000
"٩‏/٤‏/٢٠٢٥","راتب امير ","بدون مشروع","مصروف","",350000
"٩‏/٤‏/٢٠٢٥","975راتب ابن عم د ضرغام +250 مصاريف الشركه","بدون مشروع","مصروف","",1225000
"٩‏/٤‏/٢٠٢٥","رواتب الفندق ","بدون مشروع","مصروف","",16585001
"٩‏/٤‏/٢٠٢٥","الئ حاتم ","بدون مشروع","مصروف","",50000
"٩‏/٤‏/٢٠٢٥","بانزين الئ محمد سبرنكه بانزين ","بدون مشروع","مصروف","",15000
"٩‏/٤‏/٢٠٢٥","سلفه الئ كرار ","بدون مشروع","مصروف","",50000
"٩‏/٤‏/٢٠٢٥","شراء ظفيره الئ المنطقه الجديده ","بدون مشروع","مصروف","",650000
"٩‏/٤‏/٢٠٢٥","حواله الئ عزيز ","بدون مشروع","مصروف","",3500000
"٩‏/٤‏/٢٠٢٥","الئ محمد عارف تصميم الفندق ","بدون مشروع","مصروف","",25075000
"٩‏/٤‏/٢٠٢٥","الئ ابو علي الزركاني شراء حديد للزبيديه ","بدون مشروع","مصروف","",5635000
"٩‏/٤‏/٢٠٢٥","راتب كرار ميخه ","بدون مشروع","مصروف","",350000
"٩‏/٤‏/٢٠٢٥","الئ حمزه ابو الكرده بيت الحجي ","بدون مشروع","مصروف","",350000
"٩‏/٤‏/٢٠٢٥","الئ ابو الشفل الفندق 2 يوم (حمزه )","بدون مشروع","مصروف","",400000
"٩‏/٤‏/٢٠٢٥","غداء المكتب ","بدون مشروع","مصروف","",70000
"٩‏/٤‏/٢٠٢٥","تبديل الدهن للسياره البيكم ","بدون مشروع","مصروف","",85000
"٩‏/٤‏/٢٠٢٥","الئ عزيز ","بدون مشروع","مصروف","",55000
"٩‏/٤‏/٢٠٢٥","نصب السبلت الئ مكتب وائل ","بدون مشروع","مصروف","",25000
"٩‏/٤‏/٢٠٢٥","مصروف تمويل المشروع: الشركه الرئيسيه","بدون مشروع","مصروف","",55000
"٩‏/٤‏/٢٠٢٥","الئ ابو كرار  حارس بيت الحجي ","بدون مشروع","مصروف","",500000
"٩‏/٤‏/٢٠٢٥","شراء سبلت الئ حقل حردان ","بدون مشروع","مصروف","",715000
"٩‏/٤‏/٢٠٢٥","رواتب الحراس ال15 دونم ","بدون مشروع","مصروف","",800000
"٩‏/٤‏/٢٠٢٥","تصليح قفل الباب المكتب ","بدون مشروع","مصروف","",135000
"٩‏/٤‏/٢٠٢٥","راتب سجاد حقل حردان ","بدون مشروع","مصروف","",600000
"٩‏/٤‏/٢٠٢٥","بانزين سياره الجي بيد كرار ","بدون مشروع","مصروف","",110000
"٩‏/٤‏/٢٠٢٥","تصليح السياره البيكم حسون ","بدون مشروع","مصروف","",200000
"٩‏/٤‏/٢٠٢٥","راتب وائل ","بدون مشروع","مصروف","",500000
"٩‏/٤‏/٢٠٢٥","سلفه الئ كرار ","بدون مشروع","مصروف","",25000
"٩‏/٤‏/٢٠٢٥","الئ عزيز مصاريف العيد","بدون مشروع","مصروف","",300000
"٩‏/٤‏/٢٠٢٥","حسام نعيم تصليح الغطاس لاساله ","بدون مشروع","مصروف","",315000
"٩‏/٤‏/٢٠٢٥","بانزين عبود","بدون مشروع","مصروف","",50000
"٩‏/٤‏/٢٠٢٥","سحب الحجي سس","بدون مشروع","مصروف","",3000000
"٩‏/٤‏/٢٠٢٥","راتب شلش ","بدون مشروع","مصروف","",350000
"٩‏/٤‏/٢٠٢٥","الئ هيثم الكهربائي فندق +بيت الحجي ","بدون مشروع","مصروف","",1900000
"٩‏/٤‏/٢٠٢٥","تصليح البلي ","بدون مشروع","مصروف","",40000
"٩‏/٤‏/٢٠٢٥","راتب محمد سبرنكه +اقصاد عزيز","بدون مشروع","مصروف","",1100000
"٩‏/٤‏/٢٠٢٥","الئ عزيز سفره بغداد","بدون مشروع","مصروف","",2500000
"٩‏/٤‏/٢٠٢٥","تصليح سياره عزيز بيد كرار ","بدون مشروع","مصروف","",500000
"٩‏/٤‏/٢٠٢٥","سلفه الئ كرار ","بدون مشروع","مصروف","",175000
"٩‏/٤‏/٢٠٢٥","سلفه الئ وائل ","بدون مشروع","مصروف","",25000
"٩‏/٤‏/٢٠٢٥","حواله الئ اهل النجف +بغداد","بدون مشروع","مصروف","",4025000
"٩‏/٤‏/٢٠٢٥","الئ حاتم ","بدون مشروع","مصروف","",150000
"٩‏/٤‏/٢٠٢٥","الئ عزيز ","بدون مشروع","مصروف","",25000
"٩‏/٤‏/٢٠٢٥","تكمله حساب ابو الحديد بغداد الفندق ","بدون مشروع","مصروف","",5000000
"٩‏/٤‏/٢٠٢٥","مسواك بيت الحجي ","بدون مشروع","مصروف","",400000
"٩‏/٤‏/٢٠٢٥","ثوابات 3 اسابيع رمضان ","بدون مشروع","مصروف","",1200000
"٩‏/٤‏/٢٠٢٥","الئ قاسم شندوخ رشوه ","بدون مشروع","مصروف","",5000000
"٩‏/٤‏/٢٠٢٥","الئ ابو الثرمستون جماعت الفندق الخلفات ","بدون مشروع","مصروف","",40000000
"٩‏/٤‏/٢٠٢٥","رصيد الئ الشركه الزبيدي ","بدون مشروع","مصروف","",200000
"٩‏/٤‏/٢٠٢٥","راتب العمال +الموظفين ","بدون مشروع","مصروف","",7300000
"٩‏/٤‏/٢٠٢٥","الئ ابو القالب الخشب مجمع الزبيديه","بدون مشروع","مصروف","",2500000
"٩‏/٤‏/٢٠٢٥","راتب سيد احمد +الدين القديم","بدون مشروع","مصروف","",5000000
"٩‏/٤‏/٢٠٢٥","مصروف تمويل المشروع: الشركه الرئيسيه","بدون مشروع","مصروف","",40000000
"٩‏/٤‏/٢٠٢٥","مصروف تمويل المشروع: الشركه الرئيسيه","بدون مشروع","مصروف","",190000000
"٩‏/٤‏/٢٠٢٥","تمويل وارد للمشروع","بدون مشروع","إيراد","",190000000
"٩‏/٤‏/٢٠٢٥","مصروف الئ عزيز ","بدون مشروع","مصروف","",2500000
"٩‏/٤‏/٢٠٢٥","تسديد دين حردان ","بدون مشروع","مصروف","",7500000
"٩‏/٤‏/٢٠٢٥","تسديد دين حاتم ","بدون مشروع","مصروف","",18100000
"٩‏/٤‏/٢٠٢٥","راتب عبود","بدون مشروع","مصروف","",600000
"٩‏/٤‏/٢٠٢٥","تفعيل برنامج مايكرو سوفت ","بدون مشروع","مصروف","",225000
"٩‏/٤‏/٢٠٢٥","الئ علاوي ابو المجاري الفندق ","بدون مشروع","مصروف","",6000000
"٩‏/٤‏/٢٠٢٥","الئ كريم خميس","بدون مشروع","مصروف","",1940000
"٩‏/٤‏/٢٠٢٥","مصروف تمويل المشروع: الشركه الرئيسيه","بدون مشروع","مصروف","",1940000
"٩‏/٤‏/٢٠٢٥","بطاقه المكتب حسون ","بدون مشروع","مصروف","",3015000
"٩‏/٤‏/٢٠٢٥","حواله الئ عزيز +علي صباح ","بدون مشروع","مصروف","",2010000
"٩‏/٤‏/٢٠٢٥","الئ محمد سبرنكه حواله الكارت عزيز+تذكرت الطياره الحجي","بدون مشروع","مصروف","",2530000
"٩‏/٤‏/٢٠٢٥","الئ ستاد حازم الزبيديه ","بدون مشروع","مصروف","",15000000
"٩‏/٤‏/٢٠٢٥","الئ ابو شركه اسد بابل ","بدون مشروع","مصروف","",50150000
"٩‏/٤‏/٢٠٢٥","شراء كيبورد +جكاير ","بدون مشروع","مصروف","",62500
"٩‏/٤‏/٢٠٢٥","بانزين للتاهو بيد كرار","بدون مشروع","مصروف","",25000
"٩‏/٤‏/٢٠٢٥","الئ رعد ابو الكاز","بدون مشروع","مصروف","",2450000
"٩‏/٤‏/٢٠٢٥","الئ ابو القشط بيد عبود","بدون مشروع","مصروف","",655000
"٩‏/٤‏/٢٠٢٥","حوالئ الئ حوراء +بيت عزيز ","بدون مشروع","مصروف","",5400000
"٩‏/٤‏/٢٠٢٥","الئ سجاد الخطيب سفرت اربيل","بدون مشروع","مصروف","",16590000
"٩‏/٤‏/٢٠٢٥","حواله الئ دكتور محمد","بدون مشروع","مصروف","",5050000
"٩‏/٤‏/٢٠٢٥","تسديد جزء من دين سلام","بدون مشروع","مصروف","",210000000
"٩‏/٤‏/٢٠٢٥","رصيد الئ عزيز بيد عبود","بدون مشروع","مصروف","",26000
"٩‏/٤‏/٢٠٢٥","سلفه الئ عبود ","بدون مشروع","مصروف","",100000
"٩‏/٤‏/٢٠٢٥","سلفه الئ وائل ","بدون مشروع","مصروف","",50000
"٩‏/٤‏/٢٠٢٥","سلفه الئ محمد سبرنكه","بدون مشروع","مصروف","",125000
"٩‏/٤‏/٢٠٢٥","مصروف تمويل المشروع: الشركه الرئيسيه","بدون مشروع","مصروف","",350000000
"٩‏/٤‏/٢٠٢٥","إيداع في صندوق المشروع","بدون مشروع","إيراد","",350000000
"٨‏/٤‏/٢٠٢٥","إيراد مبيعات للصندوق الرئيسي","بدون مشروع","إيراد","",500000000
